,sofifa_id,age,height_cm,weight_kg,preferred_foot,weak_foot,skill_moves,pace,shooting,passing,dribbling,defending,physic,attacking_crossing,attacking_finishing,attacking_heading_accuracy,attacking_short_passing,attacking_volleys,skill_dribbling,skill_curve,skill_fk_accuracy,skill_long_passing,skill_ball_control,movement_acceleration,movement_sprint_speed,movement_agility,movement_reactions,movement_balance,power_shot_power,power_jumping,power_stamina,power_strength,power_long_shots,mentality_aggression,mentality_interceptions,mentality_positioning,mentality_vision,mentality_penalties,mentality_composure,defending_marking_awareness,defending_standing_tackle,defending_sliding_tackle,work_rate_High/High,work_rate_High/Low,work_rate_High/Medium,work_rate_Low/Medium,work_rate_Medium/High,work_rate_Medium/Low,work_rate_Medium/Medium,body_type_Lean (170-),body_type_Lean (170-185),body_type_Lean (185+),body_type_Normal (170-),body_type_Normal (170-185),body_type_Normal (185+),body_type_Stocky (170-185)
0,213655,21,180,75,1,3,3,78.0,61.0,66.0,82.0,28.0,65.0,52,63,42,80,48,83,50,40,57,83,79,78,77,72,76,67,50,70,72,54,46,24,68,75,56,70,29,26,23,0.0,0.0,0.0,0.0,0.0,0.0,1.0,0.0,0.0,0.0,0.0,1.0,0.0,0.0
1,204277,28,171,74,1,3,2,77.0,61.0,76.0,77.0,73.0,80.0,67,67,32,89,34,72,46,48,80,82,76,78,77,79,89,63,77,92,69,54,92,81,67,75,42,79,72,79,80,1.0,0.0,0.0,0.0,0.0,0.0,0.0,0.0,0.0,0.0,0.0,0.0,0.0,1.0
2,198784,23,175,70,1,4,4,88.0,70.0,74.0,84.0,52.0,71.0,75,68,39,78,58,85,67,53,73,82,87,88,84,74,88,75,66,76,70,74,66,51,74,72,69,73,52,57,54,0.0,0.0,1.0,0.0,0.0,0.0,0.0,0.0,0.0,0.0,0.0,0.0,0.0,1.0
3,189165,25,185,80,1,3,2,62.0,73.0,79.0,73.0,60.0,77.0,73,67,69,82,56,74,66,73,84,75,61,62,62,72,65,85,65,77,76,81,83,58,70,80,71,75,55,64,59,0.0,0.0,0.0,1.0,0.0,0.0,0.0,0.0,0.0,0.0,0.0,0.0,1.0,0.0
4,184749,27,183,79,1,3,3,62.0,68.0,70.0,68.0,67.0,71.0,68,65,61,73,64,66,57,57,71,71,64,60,65,69,71,71,67,76,66,73,76,71,77,73,61,77,66,68,68,0.0,0.0,0.0,0.0,0.0,0.0,1.0,0.0,0.0,0.0,0.0,1.0,0.0,0.0
5,205897,22,185,76,1,3,2,67.0,61.0,70.0,72.0,72.0,73.0,58,55,71,77,53,70,51,38,79,76,69,65,74,69,58,71,71,72,75,67,72,70,62,76,49,71,72,74,71,0.0,0.0,0.0,0.0,0.0,0.0,1.0,0.0,0.0,0.0,0.0,0.0,1.0,0.0
6,190815,27,180,72,0,4,2,60.0,56.0,79.0,76.0,80.0,76.0,80,46,71,81,62,73,84,62,80,80,63,58,72,84,75,68,71,86,74,62,70,82,68,76,56,83,80,83,76,0.0,0.0,1.0,0.0,0.0,0.0,0.0,0.0,0.0,0.0,0.0,1.0,0.0,0.0
7,200054,25,185,75,1,3,2,68.0,59.0,75.0,74.0,75.0,77.0,68,50,70,80,60,74,56,62,79,78,67,69,71,69,63,74,74,77,79,63,71,76,62,78,58,79,70,79,77,0.0,0.0,0.0,0.0,1.0,0.0,0.0,0.0,0.0,1.0,0.0,0.0,0.0,0.0
8,172143,31,176,75,1,3,3,51.0,76.0,82.0,76.0,59.0,61.0,81,70,60,82,84,74,85,86,77,82,45,55,72,70,79,83,70,66,55,82,65,81,67,83,77,68,50,55,51,0.0,0.0,0.0,0.0,1.0,0.0,0.0,0.0,0.0,0.0,0.0,1.0,0.0,0.0
9,172768,30,178,73,0,4,3,61.0,64.0,75.0,72.0,64.0,71.0,68,63,59,82,55,72,61,68,76,74,62,60,63,69,72,67,71,77,69,65,68,65,65,76,67,73,62,68,62,0.0,0.0,0.0,0.0,0.0,0.0,1.0,0.0,0.0,0.0,0.0,1.0,0.0,0.0
10,163824,32,183,77,1,4,2,65.0,43.0,56.0,61.0,81.0,81.0,32,37,78,71,34,57,34,23,74,66,62,67,58,80,59,64,82,70,86,40,83,82,28,53,45,73,80,84,80,0.0,0.0,0.0,0.0,1.0,0.0,0.0,0.0,0.0,0.0,0.0,1.0,0.0,0.0
11,205569,22,173,66,1,3,3,66.0,66.0,84.0,75.0,61.0,67.0,88,61,57,83,51,71,88,83,82,81,67,65,74,74,79,74,68,77,61,70,67,65,62,82,80,79,55,65,62,0.0,0.0,0.0,0.0,0.0,0.0,1.0,0.0,0.0,0.0,0.0,1.0,0.0,0.0
12,176944,29,194,85,1,3,3,50.0,72.0,70.0,73.0,75.0,89.0,61,72,91,81,71,73,64,46,66,84,50,50,49,81,52,75,63,83,92,68,94,74,80,72,64,78,71,76,66,0.0,0.0,0.0,0.0,0.0,0.0,1.0,0.0,0.0,1.0,0.0,0.0,0.0,0.0
13,184716,27,168,62,1,3,3,62.0,63.0,73.0,77.0,70.0,70.0,68,68,44,82,38,75,58,50,75,77,65,60,78,82,90,63,78,86,59,60,74,76,69,72,52,81,68,77,70,0.0,0.0,0.0,0.0,0.0,0.0,1.0,1.0,0.0,0.0,0.0,0.0,0.0,0.0
14,192985,26,181,68,1,4,4,75.0,84.0,88.0,85.0,45.0,75.0,90,83,53,90,82,85,83,83,84,87,76,75,80,88,75,85,65,87,73,86,68,56,84,90,77,84,30,51,40,1.0,0.0,0.0,0.0,0.0,0.0,0.0,0.0,0.0,0.0,0.0,1.0,0.0,0.0
15,211454,24,180,70,1,3,3,60.0,61.0,73.0,70.0,72.0,78.0,67,57,57,79,39,68,69,61,73,76,58,61,67,75,62,71,70,92,73,67,74,76,63,70,62,77,70,75,72,0.0,0.0,0.0,0.0,1.0,0.0,0.0,0.0,1.0,0.0,0.0,0.0,0.0,0.0
16,213648,21,185,84,1,4,3,64.0,61.0,73.0,75.0,69.0,77.0,66,52,60,76,60,75,69,70,74,77,65,64,71,75,65,78,64,79,77,68,78,74,62,74,51,69,65,73,64,0.0,0.0,0.0,0.0,0.0,0.0,1.0,0.0,0.0,0.0,0.0,0.0,1.0,0.0
17,193550,29,178,74,1,3,3,71.0,61.0,70.0,73.0,67.0,81.0,65,54,66,74,53,73,58,57,72,71,72,70,77,67,74,72,90,91,74,68,83,67,63,71,58,72,64,71,68,0.0,0.0,0.0,0.0,1.0,0.0,0.0,0.0,0.0,0.0,0.0,1.0,0.0,0.0
18,169706,28,185,69,1,4,2,58.0,60.0,74.0,74.0,76.0,78.0,65,57,73,80,61,74,73,58,78,77,61,55,63,77,70,70,73,81,79,54,72,80,67,75,56,80,71,78,76,0.0,0.0,0.0,0.0,1.0,0.0,0.0,0.0,0.0,0.0,0.0,0.0,1.0,0.0
19,188253,26,180,72,1,4,3,70.0,60.0,75.0,74.0,77.0,81.0,68,55,63,82,61,76,64,64,81,74,72,68,66,75,71,67,66,90,78,65,79,78,63,72,60,75,79,78,78,0.0,0.0,0.0,0.0,1.0,0.0,0.0,0.0,0.0,0.0,0.0,1.0,0.0,0.0
20,191740,27,182,70,1,4,3,73.0,72.0,81.0,83.0,78.0,77.0,74,71,60,86,69,81,80,65,80,86,76,70,84,85,82,72,63,87,70,72,86,86,78,84,79,84,80,78,76,1.0,0.0,0.0,0.0,0.0,0.0,0.0,0.0,1.0,0.0,0.0,0.0,0.0,0.0
21,142784,32,178,74,1,3,3,61.0,56.0,70.0,73.0,81.0,78.0,74,49,75,72,53,73,68,66,64,75,61,61,69,85,66,66,84,69,78,57,89,84,71,66,64,76,78,83,82,1.0,0.0,0.0,0.0,0.0,0.0,0.0,0.0,0.0,0.0,0.0,1.0,0.0,0.0
22,199503,24,185,82,0,2,3,50.0,66.0,79.0,72.0,72.0,78.0,66,49,62,85,50,70,68,70,86,80,48,51,53,83,61,88,39,78,76,85,92,77,77,82,59,74,71,73,68,0.0,0.0,0.0,0.0,0.0,0.0,1.0,0.0,0.0,0.0,0.0,0.0,1.0,0.0
23,186561,26,183,76,1,3,3,68.0,75.0,79.0,81.0,65.0,75.0,75,72,58,84,79,81,70,70,80,82,67,68,76,81,75,81,67,89,69,74,73,69,82,80,75,81,60,70,67,1.0,0.0,0.0,0.0,0.0,0.0,0.0,0.0,1.0,0.0,0.0,0.0,0.0,0.0
24,231281,18,175,69,1,3,2,81.0,58.0,70.0,67.0,64.0,66.0,70,56,56,73,41,68,73,74,67,63,81,81,75,60,75,62,67,78,59,63,69,64,62,63,55,65,63,66,64,0.0,0.0,1.0,0.0,0.0,0.0,0.0,0.0,1.0,0.0,0.0,0.0,0.0,0.0
25,208333,23,184,82,1,4,3,71.0,67.0,77.0,77.0,78.0,84.0,70,60,70,81,61,76,68,65,80,80,69,73,73,77,71,79,76,85,84,72,83,79,73,78,60,74,78,80,79,1.0,0.0,0.0,0.0,0.0,0.0,0.0,0.0,0.0,0.0,0.0,1.0,0.0,0.0
26,183711,27,182,67,1,3,3,72.0,70.0,83.0,76.0,76.0,81.0,81,67,65,85,72,74,80,74,83,80,73,71,73,79,71,75,81,93,76,71,80,79,76,82,64,78,73,80,76,1.0,0.0,0.0,0.0,0.0,0.0,0.0,0.0,0.0,0.0,0.0,1.0,0.0,0.0
27,177358,27,181,75,1,3,2,68.0,62.0,76.0,77.0,79.0,81.0,65,61,71,86,56,74,68,61,80,84,67,68,73,81,71,71,70,89,77,56,83,84,65,73,56,83,76,82,80,0.0,0.0,0.0,0.0,1.0,0.0,0.0,0.0,0.0,0.0,0.0,1.0,0.0,0.0
28,183256,26,175,73,1,4,3,74.0,71.0,78.0,79.0,65.0,70.0,78,73,77,78,69,79,73,76,77,78,75,74,82,76,76,75,90,75,69,65,59,64,75,78,66,70,60,66,62,1.0,0.0,0.0,0.0,0.0,0.0,0.0,0.0,0.0,0.0,1.0,0.0,0.0,0.0
29,155976,31,185,83,0,3,3,43.0,75.0,79.0,67.0,58.0,72.0,82,67,66,77,75,64,79,75,81,74,48,39,59,73,63,85,58,56,75,80,88,54,77,81,83,71,54,61,57,0.0,0.0,0.0,0.0,0.0,1.0,0.0,0.0,0.0,0.0,0.0,0.0,1.0,0.0
30,162895,30,180,77,1,3,3,63.0,77.0,88.0,80.0,61.0,64.0,85,76,74,91,81,80,77,81,90,86,65,62,65,81,77,77,68,80,64,75,45,50,78,91,80,92,60,63,62,0.0,0.0,1.0,0.0,0.0,0.0,0.0,0.0,0.0,0.0,1.0,0.0,0.0,0.0
31,237238,20,193,88,1,3,2,64.0,59.0,63.0,57.0,59.0,68.0,66,55,66,68,53,55,45,34,62,64,61,66,54,62,39,64,63,60,75,61,64,57,61,63,62,57,58,60,57,0.0,0.0,0.0,0.0,0.0,0.0,1.0,0.0,0.0,0.0,0.0,0.0,1.0,0.0
32,185422,25,180,74,1,2,3,90.0,77.0,60.0,76.0,29.0,70.0,63,82,63,68,67,77,69,42,48,74,87,92,78,72,71,78,72,73,77,69,50,33,77,56,72,72,22,26,19,0.0,0.0,0.0,0.0,0.0,0.0,1.0,0.0,0.0,0.0,0.0,1.0,0.0,0.0
33,191202,28,194,85,0,3,3,64.0,70.0,76.0,72.0,80.0,87.0,68,64,77,83,74,72,68,67,78,78,62,66,56,82,53,78,71,89,89,75,83,85,68,75,69,84,75,83,75,0.0,0.0,0.0,0.0,1.0,0.0,0.0,0.0,0.0,1.0,0.0,0.0,0.0,0.0
34,206115,22,187,79,1,4,2,62.0,49.0,61.0,66.0,69.0,76.0,43,47,65,72,30,64,45,38,68,71,59,64,60,67,61,58,70,75,78,50,75,68,51,65,49,62,69,72,67,0.0,0.0,0.0,0.0,0.0,0.0,1.0,0.0,0.0,1.0,0.0,0.0,0.0,0.0
35,171972,29,178,66,1,3,3,62.0,60.0,72.0,71.0,72.0,76.0,66,56,66,78,51,66,54,61,74,77,65,60,72,77,78,65,61,78,73,61,86,78,73,71,67,77,70,74,70,1.0,0.0,0.0,0.0,0.0,0.0,0.0,0.0,0.0,0.0,0.0,1.0,0.0,0.0
36,21146,35,188,74,1,3,2,44.0,65.0,81.0,72.0,75.0,66.0,72,59,71,87,67,71,68,59,85,79,43,44,58,85,62,78,72,65,66,64,64,81,66,83,64,88,73,76,70,0.0,0.0,0.0,1.0,0.0,0.0,0.0,0.0,0.0,0.0,0.0,0.0,1.0,0.0
37,202335,23,188,90,1,3,2,72.0,63.0,71.0,65.0,81.0,85.0,67,52,83,76,52,66,54,77,77,70,70,74,56,76,40,83,77,80,87,72,90,80,53,66,70,77,79,82,83,0.0,0.0,0.0,0.0,1.0,0.0,0.0,0.0,0.0,0.0,0.0,0.0,1.0,0.0
38,186351,27,188,90,1,4,3,71.0,75.0,72.0,75.0,70.0,81.0,68,71,80,79,66,78,49,44,76,75,70,72,71,73,51,85,91,90,75,78,80,70,75,73,72,72,66,70,69,0.0,0.0,0.0,0.0,0.0,1.0,0.0,0.0,0.0,0.0,0.0,0.0,1.0,0.0
39,206516,22,185,74,0,3,3,66.0,59.0,72.0,77.0,65.0,65.0,64,61,58,77,46,77,56,48,73,78,68,65,73,75,78,58,54,74,61,56,67,62,68,79,60,78,67,68,67,0.0,0.0,0.0,0.0,0.0,0.0,1.0,0.0,0.0,1.0,0.0,0.0,0.0,0.0
40,193061,26,182,77,1,4,4,78.0,66.0,80.0,81.0,68.0,68.0,78,61,60,83,74,82,78,72,76,83,78,78,79,78,75,66,66,77,64,72,66,72,76,81,72,78,64,71,70,1.0,0.0,0.0,0.0,0.0,0.0,0.0,0.0,1.0,0.0,0.0,0.0,0.0,0.0
41,178213,28,190,87,1,3,2,58.0,70.0,70.0,73.0,74.0,76.0,70,70,70,77,67,76,61,30,77,77,62,55,48,78,63,76,74,85,77,69,65,71,73,67,52,77,75,75,73,0.0,0.0,0.0,0.0,0.0,0.0,1.0,0.0,0.0,0.0,0.0,0.0,1.0,0.0
42,206304,26,186,80,1,2,3,62.0,62.0,70.0,66.0,74.0,81.0,59,54,74,76,42,63,64,75,75,72,61,63,60,74,58,75,64,89,77,72,85,76,65,69,62,73,75,73,68,0.0,0.0,0.0,0.0,0.0,0.0,1.0,0.0,0.0,0.0,0.0,0.0,1.0,0.0
43,212811,23,184,85,1,3,3,78.0,66.0,77.0,79.0,66.0,75.0,72,55,68,81,68,80,72,68,77,81,78,78,74,72,75,78,51,78,78,78,70,70,70,76,68,74,62,66,66,0.0,0.0,0.0,0.0,0.0,0.0,1.0,0.0,0.0,0.0,0.0,1.0,0.0,0.0
44,230767,19,176,70,1,4,3,78.0,72.0,69.0,78.0,70.0,82.0,60,65,64,76,68,78,59,68,71,77,79,78,78,74,85,85,79,86,77,77,90,69,73,68,68,67,72,72,64,1.0,0.0,0.0,0.0,0.0,0.0,0.0,0.0,0.0,0.0,0.0,0.0,0.0,1.0
45,186801,27,189,83,1,3,2,74.0,65.0,61.0,69.0,77.0,88.0,54,65,79,68,50,68,39,47,64,73,71,77,65,79,58,74,78,92,88,63,84,81,72,63,52,72,70,81,75,0.0,0.0,1.0,0.0,0.0,0.0,0.0,0.0,0.0,1.0,0.0,0.0,0.0,0.0
46,182184,28,185,71,1,3,2,63.0,65.0,73.0,67.0,71.0,75.0,70,63,65,77,69,64,67,61,73,72,63,63,69,73,66,67,89,84,68,70,78,72,66,71,44,68,69,74,69,0.0,0.0,0.0,0.0,0.0,0.0,1.0,0.0,0.0,1.0,0.0,0.0,0.0,0.0
47,202491,25,178,66,0,2,3,66.0,58.0,74.0,70.0,52.0,51.0,60,57,46,83,58,65,66,65,76,75,67,65,78,69,74,59,45,72,42,58,47,55,67,75,56,68,53,54,47,0.0,0.0,0.0,0.0,0.0,0.0,1.0,0.0,1.0,0.0,0.0,0.0,0.0,0.0
48,52306,32,185,84,0,2,3,59.0,73.0,79.0,75.0,67.0,67.0,85,67,61,78,58,77,86,70,79,77,63,56,65,74,61,86,77,65,66,79,69,67,70,74,74,65,65,71,63,0.0,0.0,0.0,0.0,0.0,0.0,1.0,0.0,0.0,0.0,0.0,0.0,1.0,0.0
49,20289,34,189,90,1,4,3,63.0,82.0,80.0,76.0,70.0,83.0,67,82,72,84,68,78,82,86,81,82,61,64,58,82,56,86,63,73,92,80,78,60,80,85,89,83,68,77,74,0.0,0.0,0.0,0.0,0.0,0.0,1.0,0.0,0.0,1.0,0.0,0.0,0.0,0.0
50,215556,21,190,77,1,4,3,80.0,67.0,67.0,71.0,52.0,69.0,57,65,43,74,56,73,57,51,70,71,78,81,70,58,56,73,59,80,68,70,60,42,65,69,55,63,53,59,55,0.0,0.0,1.0,0.0,0.0,0.0,0.0,0.0,0.0,1.0,0.0,0.0,0.0,0.0
51,186132,27,177,70,1,4,3,66.0,65.0,75.0,76.0,74.0,75.0,64,58,61,79,69,75,72,69,83,79,65,67,69,79,78,77,56,83,74,70,74,76,74,77,53,77,70,79,76,0.0,0.0,0.0,0.0,0.0,0.0,1.0,0.0,0.0,0.0,0.0,1.0,0.0,0.0
52,183546,28,176,73,1,3,3,70.0,55.0,65.0,68.0,71.0,79.0,58,54,64,74,53,67,46,41,69,68,73,68,67,73,72,61,66,91,75,54,77,74,58,63,41,70,68,73,72,0.0,0.0,0.0,0.0,1.0,0.0,0.0,0.0,0.0,0.0,0.0,1.0,0.0,0.0
53,221000,26,180,76,1,3,3,85.0,74.0,72.0,78.0,62.0,75.0,71,74,59,76,65,79,78,65,71,78,86,85,79,74,77,78,72,80,75,73,69,60,78,69,65,69,60,65,61,1.0,0.0,0.0,0.0,0.0,0.0,0.0,0.0,1.0,0.0,0.0,0.0,0.0,0.0
54,207494,24,175,62,1,3,3,83.0,74.0,72.0,81.0,51.0,67.0,72,72,61,75,64,79,74,56,65,82,84,83,85,75,84,76,65,79,61,80,66,53,79,74,65,75,52,46,44,1.0,0.0,0.0,0.0,0.0,0.0,0.0,0.0,1.0,0.0,0.0,0.0,0.0,0.0
55,200478,25,185,79,1,3,3,71.0,68.0,74.0,75.0,71.0,78.0,70,67,68,77,68,76,73,64,76,74,73,69,71,72,77,71,76,79,78,69,75,75,71,74,63,77,68,72,69,0.0,0.0,0.0,0.0,0.0,0.0,1.0,0.0,0.0,0.0,0.0,0.0,1.0,0.0
56,193474,27,174,66,1,3,2,76.0,60.0,70.0,77.0,83.0,81.0,60,50,69,82,32,75,33,43,74,79,78,75,75,79,82,80,85,88,76,67,84,87,67,72,54,80,80,87,85,0.0,0.0,0.0,0.0,1.0,0.0,0.0,0.0,1.0,0.0,0.0,0.0,0.0,0.0
57,193884,26,188,74,0,4,3,71.0,67.0,71.0,72.0,63.0,70.0,70,66,60,76,68,74,65,67,70,72,68,74,66,64,63,67,70,89,67,68,56,67,64,68,65,69,61,64,57,1.0,0.0,0.0,0.0,0.0,0.0,0.0,0.0,0.0,1.0,0.0,0.0,0.0,0.0
58,203483,24,179,70,1,3,2,73.0,80.0,74.0,74.0,67.0,79.0,63,82,74,83,82,72,62,44,75,81,73,73,67,84,64,78,74,92,74,78,76,68,84,78,75,80,59,74,62,1.0,0.0,0.0,0.0,0.0,0.0,0.0,0.0,0.0,0.0,0.0,1.0,0.0,0.0
59,184469,27,176,70,1,5,3,67.0,72.0,74.0,74.0,67.0,77.0,62,70,49,82,63,72,64,70,77,76,67,67,75,73,76,76,71,77,75,75,84,71,68,75,68,73,64,74,66,1.0,0.0,0.0,0.0,0.0,0.0,0.0,0.0,0.0,0.0,0.0,1.0,0.0,0.0
60,199576,25,183,83,1,3,2,57.0,39.0,65.0,64.0,78.0,85.0,37,25,67,79,35,59,49,53,71,72,63,52,60,75,58,60,67,84,87,43,88,84,50,70,54,75,73,83,76,0.0,0.0,0.0,0.0,1.0,0.0,0.0,0.0,0.0,0.0,0.0,1.0,0.0,0.0
61,230005,19,180,70,1,3,3,73.0,61.0,71.0,74.0,58.0,73.0,66,64,52,79,40,73,43,55,71,77,74,73,75,65,75,70,57,81,69,56,77,56,66,73,42,74,54,64,58,0.0,0.0,0.0,0.0,0.0,0.0,1.0,0.0,0.0,0.0,0.0,1.0,0.0,0.0
62,176635,28,180,76,0,2,4,71.0,74.0,87.0,86.0,24.0,58.0,82,74,54,89,77,86,84,79,84,90,75,68,83,87,70,70,52,69,57,76,48,24,83,92,67,78,22,16,19,0.0,0.0,0.0,0.0,0.0,1.0,0.0,0.0,1.0,0.0,0.0,0.0,0.0,0.0
63,189280,27,170,67,1,3,2,63.0,53.0,76.0,71.0,63.0,65.0,76,47,44,76,48,65,71,75,79,77,68,59,73,76,79,62,63,78,65,57,49,70,54,76,55,76,61,66,64,0.0,0.0,0.0,0.0,0.0,0.0,1.0,1.0,0.0,0.0,0.0,0.0,0.0,0.0
64,226790,20,183,74,1,4,2,74.0,60.0,65.0,67.0,78.0,80.0,50,50,73,74,66,63,57,58,69,72,72,75,69,74,65,78,78,88,77,70,76,80,61,65,35,73,73,82,79,0.0,0.0,0.0,0.0,1.0,0.0,0.0,0.0,1.0,0.0,0.0,0.0,0.0,0.0
65,224294,20,175,71,1,4,3,73.0,56.0,67.0,76.0,63.0,70.0,57,56,47,75,44,75,51,57,69,76,77,70,78,69,80,60,60,77,63,58,79,66,55,69,45,70,61,66,65,0.0,0.0,0.0,0.0,0.0,0.0,1.0,0.0,0.0,0.0,0.0,1.0,0.0,0.0
66,183893,29,181,73,1,3,2,43.0,59.0,66.0,69.0,78.0,75.0,34,58,78,83,23,66,52,55,74,76,49,38,59,77,68,63,76,75,70,67,85,82,42,69,66,79,75,81,74,0.0,0.0,0.0,0.0,1.0,0.0,0.0,0.0,1.0,0.0,0.0,0.0,0.0,0.0
67,138782,33,183,83,1,3,2,49.0,66.0,74.0,68.0,80.0,74.0,72,61,83,82,60,65,65,47,79,75,53,46,62,80,57,77,70,74,71,73,80,84,57,68,62,83,78,81,76,0.0,0.0,0.0,0.0,1.0,0.0,0.0,0.0,1.0,0.0,0.0,0.0,0.0,0.0
68,200521,25,178,66,0,3,4,79.0,69.0,68.0,77.0,26.0,53.0,71,71,40,67,44,77,75,73,59,76,81,77,87,68,81,70,55,68,52,71,38,30,73,70,68,67,22,24,21,0.0,0.0,0.0,0.0,0.0,0.0,1.0,0.0,1.0,0.0,0.0,0.0,0.0,0.0
69,241095,19,178,72,1,4,4,76.0,63.0,63.0,70.0,31.0,61.0,64,63,51,63,62,70,60,58,57,71,79,74,75,51,76,66,58,64,59,58,63,26,65,66,63,59,23,35,37,0.0,0.0,0.0,0.0,0.0,0.0,1.0,0.0,0.0,0.0,0.0,1.0,0.0,0.0
70,193158,25,185,79,1,3,3,67.0,72.0,73.0,75.0,61.0,75.0,58,65,65,78,72,72,74,71,71,82,65,68,72,77,64,82,70,89,69,82,76,62,66,82,69,74,55,68,54,0.0,0.0,0.0,0.0,1.0,0.0,0.0,0.0,0.0,1.0,0.0,0.0,0.0,0.0
71,189059,27,180,76,1,2,2,64.0,66.0,73.0,72.0,71.0,80.0,65,64,69,78,59,72,69,58,75,75,65,64,65,74,72,72,69,84,77,69,83,76,61,73,57,79,70,72,66,0.0,0.0,0.0,0.0,0.0,0.0,1.0,0.0,0.0,0.0,0.0,0.0,0.0,1.0
72,237329,18,184,71,1,3,3,71.0,44.0,58.0,63.0,53.0,61.0,44,36,41,64,42,62,51,46,62,62,68,74,70,54,72,58,55,63,62,46,55,56,58,64,47,60,54,55,51,0.0,0.0,0.0,0.0,0.0,0.0,1.0,0.0,1.0,0.0,0.0,0.0,0.0,0.0
73,186139,25,181,86,1,3,3,59.0,61.0,73.0,70.0,67.0,69.0,70,59,63,76,44,68,68,66,74,75,65,54,62,69,70,72,67,72,70,58,64,68,63,71,52,73,67,69,64,0.0,0.0,0.0,0.0,0.0,0.0,1.0,0.0,0.0,0.0,0.0,1.0,0.0,0.0
74,200104,24,183,77,1,5,4,86.0,83.0,75.0,83.0,25.0,66.0,75,83,65,78,73,85,81,70,64,82,87,86,79,81,77,83,65,80,62,86,60,29,83,78,71,78,17,19,23,1.0,0.0,0.0,0.0,0.0,0.0,0.0,0.0,1.0,0.0,0.0,0.0,0.0,0.0
75,180283,28,186,79,1,4,3,65.0,74.0,81.0,75.0,63.0,70.0,74,72,71,86,55,75,76,77,81,81,61,68,70,67,59,83,70,71,72,72,66,54,73,81,76,81,55,70,71,0.0,0.0,0.0,0.0,1.0,0.0,0.0,0.0,0.0,1.0,0.0,0.0,0.0,0.0
76,208135,24,182,69,1,3,2,66.0,71.0,73.0,76.0,74.0,81.0,68,70,66,82,67,78,41,42,74,80,62,69,60,73,67,75,71,81,83,74,77,78,73,77,45,70,70,79,73,0.0,0.0,0.0,0.0,0.0,0.0,1.0,0.0,1.0,0.0,0.0,0.0,0.0,0.0
77,235046,21,178,75,1,4,4,78.0,44.0,47.0,67.0,28.0,48.0,55,41,41,42,40,76,43,38,47,53,79,78,78,42,73,59,43,42,58,38,33,24,40,51,52,49,24,30,33,0.0,0.0,0.0,0.0,0.0,0.0,1.0,0.0,0.0,0.0,0.0,1.0,0.0,0.0
78,188556,30,184,80,1,3,3,73.0,70.0,67.0,78.0,73.0,77.0,63,64,74,75,69,80,69,29,72,80,71,75,73,65,69,85,73,72,79,73,77,72,68,64,63,67,69,77,77,0.0,0.0,0.0,0.0,1.0,0.0,0.0,0.0,0.0,0.0,0.0,1.0,0.0,0.0
79,215914,26,168,68,1,3,3,81.0,66.0,75.0,79.0,81.0,84.0,67,65,54,84,56,77,49,49,79,79,82,80,83,87,90,72,79,94,77,66,90,91,71,76,54,84,75,89,85,0.0,0.0,0.0,0.0,1.0,0.0,0.0,0.0,0.0,0.0,1.0,0.0,0.0,0.0
80,54050,31,176,83,1,4,3,68.0,81.0,81.0,76.0,52.0,81.0,78,80,75,81,83,73,84,81,82,80,67,68,71,83,77,86,76,78,83,79,81,54,79,80,83,88,48,51,37,0.0,0.0,0.0,0.0,0.0,0.0,1.0,0.0,0.0,0.0,0.0,0.0,0.0,1.0
81,228332,19,178,64,1,3,3,70.0,44.0,57.0,62.0,63.0,73.0,43,35,61,68,42,61,45,48,60,60,69,71,69,58,72,69,61,71,73,38,77,61,37,56,51,59,64,65,62,0.0,0.0,0.0,0.0,1.0,0.0,0.0,0.0,1.0,0.0,0.0,0.0,0.0,0.0
82,190765,26,181,76,1,4,3,65.0,68.0,78.0,73.0,62.0,76.0,78,65,53,79,61,72,81,77,76,76,67,64,68,73,73,74,72,90,74,72,66,71,68,76,57,71,58,64,63,1.0,0.0,0.0,0.0,0.0,0.0,0.0,0.0,0.0,0.0,0.0,1.0,0.0,0.0
83,188942,26,184,87,1,3,2,64.0,66.0,70.0,74.0,82.0,91.0,63,63,73,78,60,74,62,57,70,76,60,68,71,84,66,79,81,88,93,63,90,84,65,67,65,76,79,86,79,0.0,0.0,0.0,0.0,1.0,0.0,0.0,0.0,0.0,0.0,0.0,0.0,0.0,1.0
84,219809,22,185,77,1,3,2,73.0,49.0,70.0,75.0,81.0,83.0,54,39,72,80,36,75,49,37,78,78,75,72,66,78,62,72,78,86,82,51,85,81,60,75,45,74,80,84,82,0.0,0.0,0.0,0.0,0.0,0.0,1.0,0.0,0.0,1.0,0.0,0.0,0.0,0.0
85,138412,31,175,70,1,4,3,67.0,74.0,82.0,77.0,76.0,78.0,85,66,69,84,76,77,81,77,81,78,69,66,72,84,73,85,64,91,73,77,79,76,75,77,83,86,76,77,79,1.0,0.0,0.0,0.0,0.0,0.0,0.0,0.0,0.0,0.0,0.0,0.0,0.0,1.0
86,183427,27,174,60,0,3,3,74.0,69.0,73.0,82.0,68.0,75.0,69,63,53,80,59,83,72,48,75,79,76,72,89,72,86,80,68,88,66,73,82,75,71,72,65,76,63,73,71,1.0,0.0,0.0,0.0,0.0,0.0,0.0,0.0,1.0,0.0,0.0,0.0,0.0,0.0
87,195864,24,191,84,1,4,5,74.0,79.0,84.0,85.0,68.0,88.0,78,71,73,86,85,86,84,82,88,89,72,76,76,84,61,90,85,91,91,82,75,68,83,86,76,85,66,68,66,0.0,0.0,1.0,0.0,0.0,0.0,0.0,0.0,0.0,1.0,0.0,0.0,0.0,0.0
88,189461,25,172,68,0,2,3,71.0,69.0,80.0,82.0,62.0,72.0,73,64,58,84,64,82,80,72,80,84,73,69,80,80,85,75,67,77,66,73,82,61,80,83,65,80,61,63,65,0.0,0.0,0.0,0.0,0.0,0.0,1.0,0.0,0.0,0.0,1.0,0.0,0.0,0.0
89,222400,21,176,74,1,3,2,72.0,57.0,73.0,72.0,55.0,64.0,62,54,45,79,50,71,65,60,75,73,75,70,77,68,73,63,54,70,65,62,58,58,62,76,51,73,51,62,53,0.0,0.0,0.0,0.0,0.0,0.0,1.0,0.0,0.0,0.0,0.0,1.0,0.0,0.0
90,189725,27,175,67,1,3,3,67.0,69.0,75.0,75.0,58.0,65.0,74,64,48,78,68,74,59,62,77,77,64,70,72,77,77,74,62,73,58,75,71,65,74,77,72,69,47,71,52,0.0,0.0,0.0,0.0,0.0,0.0,1.0,0.0,0.0,0.0,0.0,1.0,0.0,0.0
91,151508,32,173,70,1,3,3,64.0,61.0,77.0,77.0,67.0,74.0,75,58,53,81,64,76,73,69,77,77,65,63,77,80,76,63,82,86,67,63,74,67,68,75,62,84,66,71,67,1.0,0.0,0.0,0.0,0.0,0.0,0.0,0.0,0.0,0.0,0.0,1.0,0.0,0.0
92,233957,19,180,73,0,3,3,60.0,49.0,63.0,62.0,52.0,63.0,50,41,63,76,47,61,49,47,73,63,65,56,56,62,76,68,58,71,58,44,69,50,55,55,54,57,45,54,61,0.0,0.0,0.0,0.0,0.0,0.0,1.0,0.0,1.0,0.0,0.0,0.0,0.0,0.0
93,194958,26,174,78,1,4,3,69.0,70.0,77.0,74.0,66.0,76.0,73,69,50,79,65,74,71,71,79,77,67,70,71,69,73,71,72,78,76,72,75,70,73,80,70,78,61,72,66,0.0,0.0,0.0,0.0,0.0,0.0,1.0,0.0,0.0,0.0,0.0,1.0,0.0,0.0
94,179944,30,189,84,1,3,3,70.0,64.0,74.0,71.0,84.0,81.0,68,55,83,79,64,66,70,76,78,79,68,71,72,79,56,77,80,76,81,71,86,87,54,69,75,78,80,85,84,0.0,0.0,0.0,0.0,0.0,0.0,1.0,0.0,0.0,0.0,0.0,0.0,1.0,0.0
95,186942,26,180,80,1,4,4,71.0,74.0,83.0,87.0,64.0,71.0,74,72,49,88,75,87,81,74,83,88,73,70,83,87,81,77,62,71,74,74,68,79,79,87,76,86,57,67,64,0.0,0.0,1.0,0.0,0.0,0.0,0.0,0.0,0.0,0.0,0.0,1.0,0.0,0.0
96,6826,36,183,78,0,3,2,32.0,65.0,79.0,68.0,78.0,76.0,80,56,74,83,65,68,78,78,74,76,30,33,43,79,60,77,70,72,76,71,80,81,58,74,72,81,77,78,77,0.0,0.0,0.0,0.0,0.0,0.0,1.0,0.0,0.0,0.0,0.0,1.0,0.0,0.0
97,188988,24,167,59,1,4,4,82.0,71.0,78.0,86.0,28.0,55.0,74,70,56,80,61,87,75,76,78,86,85,80,88,73,88,75,76,78,45,73,47,23,72,79,73,75,20,32,25,0.0,0.0,0.0,0.0,0.0,0.0,1.0,0.0,0.0,0.0,1.0,0.0,0.0,0.0
98,197242,27,186,85,1,3,2,65.0,58.0,72.0,66.0,79.0,86.0,59,42,83,79,40,63,46,62,83,75,62,68,59,77,52,81,75,77,91,70,87,81,52,71,78,83,75,82,72,0.0,0.0,0.0,0.0,1.0,0.0,0.0,0.0,0.0,0.0,0.0,0.0,1.0,0.0
99,140415,34,167,65,1,3,3,46.0,53.0,77.0,78.0,69.0,63.0,65,55,41,85,47,76,61,58,79,81,47,46,76,78,91,51,70,68,55,48,77,73,55,82,59,84,70,75,69,0.0,0.0,0.0,1.0,0.0,0.0,0.0,1.0,0.0,0.0,0.0,0.0,0.0,0.0
100,190460,25,182,76,1,5,4,75.0,78.0,88.0,84.0,47.0,63.0,86,76,52,89,74,84,85,87,86,87,77,74,78,83,82,80,57,90,57,84,44,55,81,90,67,87,38,56,22,0.0,0.0,1.0,0.0,0.0,0.0,0.0,0.0,0.0,0.0,0.0,1.0,0.0,0.0
101,225193,21,187,79,0,3,2,61.0,63.0,72.0,72.0,69.0,72.0,59,62,75,77,58,73,68,69,74,77,62,61,64,71,57,63,68,69,74,67,74,74,70,74,58,66,59,75,65,0.0,0.0,0.0,0.0,0.0,0.0,1.0,0.0,0.0,1.0,0.0,0.0,0.0,0.0
102,215818,21,170,61,1,4,3,69.0,59.0,69.0,75.0,53.0,42.0,65,62,52,74,59,74,62,56,70,73,74,64,90,55,86,60,34,62,31,51,46,51,64,66,55,70,49,57,54,0.0,0.0,1.0,0.0,0.0,0.0,0.0,0.0,0.0,0.0,1.0,0.0,0.0,0.0
103,186672,31,191,84,1,3,2,63.0,56.0,67.0,68.0,78.0,77.0,60,51,73,73,56,69,60,60,66,70,62,63,60,71,53,65,77,79,76,56,77,78,62,70,63,80,76,81,77,0.0,0.0,0.0,0.0,0.0,0.0,1.0,0.0,0.0,0.0,0.0,0.0,1.0,0.0
104,168542,31,173,67,0,2,4,68.0,72.0,87.0,87.0,38.0,61.0,83,71,54,91,79,84,82,75,79,90,72,65,92,84,89,71,66,78,56,73,51,43,81,92,73,92,25,44,29,0.0,1.0,0.0,0.0,0.0,0.0,0.0,0.0,0.0,0.0,0.0,1.0,0.0,0.0
105,189560,29,190,91,1,4,2,50.0,73.0,73.0,68.0,83.0,83.0,53,72,81,81,66,67,66,70,82,80,49,51,54,75,36,85,74,79,88,64,78,85,82,74,72,73,85,84,75,0.0,0.0,0.0,0.0,0.0,0.0,1.0,0.0,0.0,0.0,0.0,0.0,1.0,0.0
106,167943,31,174,70,1,4,3,63.0,73.0,78.0,75.0,73.0,71.0,72,69,67,81,73,71,77,77,78,82,62,63,71,81,77,78,70,71,68,76,78,77,70,80,78,79,70,75,73,0.0,0.0,0.0,0.0,0.0,0.0,1.0,0.0,0.0,0.0,0.0,1.0,0.0,0.0
107,220714,21,197,80,0,3,2,62.0,64.0,62.0,64.0,64.0,68.0,44,58,66,70,62,64,61,43,69,68,58,65,57,64,59,74,62,62,74,72,61,65,60,67,46,64,60,67,62,0.0,0.0,0.0,0.0,0.0,0.0,1.0,0.0,0.0,1.0,0.0,0.0,0.0,0.0
108,181291,26,175,69,1,3,3,81.0,75.0,76.0,84.0,66.0,74.0,67,74,72,83,73,85,76,70,74,84,79,82,82,82,80,78,82,87,71,71,64,70,82,78,74,79,60,69,64,1.0,0.0,0.0,0.0,0.0,0.0,0.0,0.0,1.0,0.0,0.0,0.0,0.0,0.0
109,189242,25,171,68,1,4,4,82.0,78.0,83.0,88.0,35.0,64.0,77,74,47,85,75,88,84,82,78,88,88,77,92,81,92,80,59,80,61,86,55,30,83,87,64,85,24,44,40,1.0,0.0,0.0,0.0,0.0,0.0,0.0,0.0,1.0,0.0,0.0,0.0,0.0,0.0
110,152879,30,180,76,1,3,3,46.0,66.0,76.0,74.0,70.0,76.0,71,60,62,79,68,74,71,67,77,76,45,47,65,73,74,74,59,83,72,68,81,73,64,77,88,77,65,74,75,1.0,0.0,0.0,0.0,0.0,0.0,0.0,0.0,0.0,0.0,0.0,1.0,0.0,0.0
111,200759,24,178,72,0,2,2,87.0,61.0,61.0,73.0,67.0,76.0,64,56,64,65,64,74,62,34,55,69,84,89,81,68,79,74,77,76,79,53,70,65,69,63,68,64,68,68,70,0.0,0.0,1.0,0.0,0.0,0.0,0.0,0.0,0.0,0.0,0.0,1.0,0.0,0.0
